Журнал информации по встрече морских и наземных млекопитающий при транспортировке грузов и СПГ;;;;;;;"Системы координат: См. лист ""Координаты""";;;;
;;;;;;;;;;;
№;Название судна;ФИО наблюдателя;ДД.ММ.ГГ;Время наблюдения;Координаты наблюдения;Вид млекопитающего;Кол-во;Расст-е;Среда (Вода, Берег, Лед);По какому борту;Меры по защите
1;АЛ Таймыр;Келарев Константин Александрович;25.02.2014;16.10;7211N/7328E;Белый медведь;2;1 миля;;;Не было необходимости
2;50 лет Победы;Ким Д.О.;02.03.2014;15.00;6558/4021;Морж;2;0.8 мили;;;Не было необходимости
3;50 лет Победы;Ким Д.О.;02.03.2014;16.40;6556/4018;Нерпа;2;1 миля;;;Не было необходимости
4;50 лет Победы;Ким Д.О.;02.03.2014;16.54;6554/4012;Нерпа;1;1 миля;;;Не было необходимости
5;50 лет Победы;Ким Д.О.;03.03.2014;17.34;6649/4129;Нерпа;2;1 миля;;;Не было необходимости
6;50 лет Победы;Ким Д.О.;03.03.2014;17.39;6648/4128;Нерпа;1;1 миля;;;Не было необходимости
7;50 лет Победы;Ким Д.О.;04.03.2014;14.22;6649/4132 ;Нерпа;1;0.8 мили;;;Не было необходимости
8;50 лет Победы;Ким Д.О.;04.03.2014;17.40;6613/4056 ;Нерпа;1;0.7 мили;;;Не было необходимости
9;50 лет Победы;Ким Д.О.;04.03.2014;09.11;6707/4127 ;Морж;2;0.5 мили;;;Не было необходимости
10;50 лет Победы;Ким Д.О.;04.03.2014;10.15;6700/4137 ;Морж;2;0.7 мили;;;Не было необходимости
11;50 лет Победы;Ким Д.О.;04.03.2014;11.20;6651/4134 ;Тюлень;20;0.5 мили;;;Не было необходимости
12;50 лет Победы;Ким Д.О.;05.03.2014;16.16;6617/4114 ;Тюлень;2;0.7 мили;;;Не было необходимости
13;50 лет Победы;Ким Д.О.;05.03.2014;17.44;6628/4130 ;Тюлень;1;0.4 мили;;;Не было необходимости
14;АЛ Таймыр;Песин Виталий Семёнович;07.03.2014;06.20;7322N/7250E;Белый медведь;3;0.5 мили;;;Не было необходимости
15;АЛ Таймыр;Житняк Максим Сергеевич;07.03.2014;12.10;7221N/7341E;Тюлень;3;0.5 мили;;;Не было необходимости
16;АЛ Таймыр;Васильев Руслан Евгеньевич;07.03.2014;15.20;7157N/7311E;Белый медведь;3;0.2 мили;;;Не было необходимости
17;50 лет Победы;Котцов Д.А.;08.03.2014;10.00;6628/4110 ;Тюлень ;2 (в т.ч. новорожденный);0.3 мили;;;Изменен курс
18;50 лет Победы;Котцов Д.А.;10.03.2014;09.15;6618/4118 ;Морж;1;0.4 мили;;;Не было необходимости
19;АЛ Таймыр;Житняк Максим Сергеевич;10.03.2014;12.00;7410N/7050E;Белый медведь;1;0.5 мили;;;Не было необходимости
20;50 лет Победы;Баринов С.Д.;10.03.2014;13.25; 6646/3957 ;Тюлень;1;0.02 мили;;;Изменен курс
21;50 лет Победы;Баринов С.Д.;10.03.2014;13.50;6646/3956 ;Тюлень;5 (в т.ч. 2 белька);0.03 мили;;;Изменен курс
22;50 лет Победы;Ким Д.О.;10.03.2014;16.25;6608/4040 ;Тюлень;1;0.2 мили;;;Не было необходимости
23;50 лет Победы;Ким Д.О.;10.03.2014;17.18;6618/4052 ;Тюлень;4;0.5 мили;;;Не было необходимости
24;50 лет Победы;Ким Д.О.;10.03.2014;17.38;6622/4051 ;Тюлень;1;0.5 мили;;;Не было необходимости
25;АЛ Таймыр;Киселев Сергей Владимирович;11.03.2014;09.45;7637N/07008E;Белый медведь;1;0.15 мили;;;Не было необходимости
26;50 лет Победы;Ким Д.О.;11.03.2014;07.37;6620/4113 ;Тюлень;1;0.2 мили;;;Не было необходимости
27;50 лет Победы;Ким Д.О.;11.03.2014;07.55;6618/4108 ;Тюлень;2;0.4 мили;;;Не было необходимости
28;50 лет Победы;Котцов Д.А.;11.03.2014;08.38;6614/4053 ;Тюлень;2;0.3 мили;;;Не было необходимости
29;50 лет Победы;Котцов Д.А.;11.03.2014;10.25;6602/4027 ;Тюлень;30;0.9 мили;;;Не было необходимости
30;50 лет Победы;Баринов С.Д.;11.03.2014;12.55;6639/3942 ;Тюлень;27;0.5 мили;;;Изменен курс
31;50 лет Победы;Баринов С.Д.;11.03.2014;13.05;6639/3935 ;Тюлень;24;0.4 мили;;;Изменен курс
32;50 лет Победы;Баринов С.Д.;11.03.2014;13.15;6638/3937 ;Тюлень;23;0.6 мили;;;Не было необходимости
33;50 лет Победы;Баринов С.Д.;11.03.2014;13.37;6635/3934 ;Тюлень;25;0.8 мили;;;Не было необходимости
34;50 лет Победы;Баринов С.Д.;11.03.2014;13.50;6631/3931 ;Тюлень;36;0.4 мили;;;Изменен курс
35;50 лет Победы;Баринов С.Д.;11.03.2014;14.21;6625/3930 ;Тюлень;146;0.2 мили;;;Изменен курс
36;50 лет Победы;Баринов С.Д.;11.03.2014;14.32;6623/3931 ;Тюлень;79;0.2-0.7 мили;;;Изменен курс
45;50 лет Победы;Ким Д.О.;11.03.2014;16.22;6536/3927 ;Тюлень;21;0.5-0.9 мили;;;Не было необходимости
46;50 лет Победы;Ким Д.О.;11.03.2014;16.48;6541/3933 ;Тюлень;10;0.5 мили;;;Не было необходимости
47;50 лет Победы;Ким Д.О.;11.03.2014;17.01;6545/3942 ;Тюлень;5;0.4 мили;;;Не было необходимости
48;50 лет Победы;Ким Д.О.;11.03.2014;17.53;6553/3951 ;Тюлень;3;0.3 мили;;;Не было необходимости
49;50 лет Победы;Ким Д.О.;11.03.2014;18.36;6603/3956 ;Тюлень;5;0.4 мили;;;Не было необходимости
50;50 лет Победы;Ким Д.О.;12.03.2014;07.35;6602/3916 ;Тюлень;14;0.4 мили;;;Не было необходимости
51;50 лет Победы;Котцов Д.А.;12.03.2014;09.00;6558/3904, 6553/3857 ;Тюлень;Лежка;Р-н лежки;;;Изменение курса, скорости
52;50 лет Победы;Баринов С.Д.;12.03.2014;12.15;6550/3931 ;Тюлень;34;0.4 мили;;;Не было необходимости
53;50 лет Победы;Баринов С.Д.;12.03.2014;13.15;6551/3933 ;Тюлень;23;0.5 мили;;;Не было необходимости
54;50 лет Победы;Баринов С.Д.;12.03.2014;14.21;6543/3906 ;Тюлень;45;0.7 мили;;;Не было необходимости
55;50 лет Победы;Ким Д.О.;12.03.2014;18.49;6536/3905 ;Тюлень;5;0.4 мили;;;Не было необходимости
56;50 лет Победы;Ким Д.О.;15.03.2014;16.10;6631/4135 ;Тюлень;2;0.3 мили;;;Не было необходимости
57;50 лет Победы;Ким Д.О.;15.03.2014;17.31;6618/4113 ;Тюлень;2;0.4 мили;;;Не было необходимости
58;50 лет Победы;Ким Д.О.;15.03.2014;17.58;6615/4104 ;Тюлень;1;0.6 мили;;;Не было необходимости
59;АЛ Таймыр;Киселев С.В.;17.03.2014;08.05;7710N/06538E;Морж;2;0.2 мили;;;Не было необходимости
60;АЛ ТАЙМЫР;Киселев С.В.;19.03.2014;10.45;7514N/07124E;Тюлень;2;0.3 мили;;;Не было необходимости
61;АЛ ТАЙМЫР;Киселев С.В.;19.03.2014;10.45;7514N/07124E;Морж;1;0.3 мили;;;Не было необходимости
62;АЛ Таймыр;Киселев С.В.;12.04.2014;11.20;7710N/06616E;Белый медведь;1;0.2 мили;;;Не было необходимости
63;АЛ Таймыр;Киселев С.В.;16.04.2014;08.20;7515N/07036E;Морж;1;0.5 мили;;;Не было необходимости
64;АЛ Таймыр;Киселев С.В.;17.04.2014;08.20;7713N/06603E;Морж;3;0.2 мили;;;Не было необходимости
65;АЛ Таймыр;Васильев Р.Е.;20.04.2014;01.50;7206N/07322E;Белый медведь;1;0.2 мили;;;Не было необходимости
66;АЛ Таймыр;Киселев С.В.;23.04.2014;09.00;7610N/07114E;Белый медведь;1;0.2 мили;;;Не было необходимости
67;АЛ Таймыр;Киселев С.В.;24.04.2014;01.00;74260N/07204E;Белый медведь;1;0,6 кбт;;;изменение курса снижение скорости
68;АЛ Таймыр;Киселев С.В.;24.04.2014;09.35.;7317N/07232E;Тюлень;2;0.3 мили;;;Не было необходимости
69;АЛ Таймыр;Васильев Руслан Евгеньевич;26.04.2014;13.55;7233N/07342E;Тюлень;1;0.3 мили;лед;прямо по курсу;Изменение курса
70;АЛ Таймыр;Киселев С.В.;07.05.2014;10.30.;7512N/07052E;Тюлень;1;0.2 мили;лед;с левого борта;Не было необходимости
71;АЛ Таймыр;Киселев С.В.;08.05.2014;09.00;7649N/07031E;Белый медведь;1;0.1 мили;лед;с левого борта;Не было необходимости
72;АЛ Таймыр;Киселев С.В.;13.05.2014;11.20.;7711N/06545E;Морж;4;0.15 мили;лед, вода;с левого борта;Не было необходимости
73;АЛ Таймыр;Песин В.С.;14.05.2014;06.25.;7602N/07028E;Белый медведь;3;0.2 мили;лед;с правого борта;Не было необходимости
74;АЛ Таймыр;Песин В.С.;14.05.2014;22.00.;7416N/07159E;Белый медведь;1;0.1 мили;лед;с правого борта;Не было необходимости
75;АЛ Таймыр;Киселев С.В.;16.05.2014;11.30.;7120N/07215E;Нерпа;10;0.1 мили;лед припай;с левого борта;Не было необходимости
76;АЛ Таймыр;Киселев С.В.;17.05.2014;11.20.;7153N/07306E;Нерпа;34;0.05 мили;лед припай;с левого и правого борта;Не было необходимости
77;АЛ Таймыр;Васильев Р.Е.;18.05.2014;22.25;7339N/07205E;Белый медведь;1;0.1 мили;лед;с правого борта;Не было необходимости
78;АЛ Таймыр;Киселев С.В.;20.05.2014;09.00;7650N/07021E;Белый медведь;1;0.1 мили;лед, вода;с правого борта;Не было необходимости
79;АЛ Таймыр;Васильев Р.Е.;24.05.2014;15.20;7146N/07258E;Нерпа;20;0.2 мили;лед припай;с левого и правого борта;Не было необходимости
80;АЛ Таймыр;Песин В.С.;25.05.2014;19.15;7120N/07215E;Тюлень;167;0.5 мили;лед припай;с левого борта;Не было необходимости
81;АЛ Таймыр;Киселев С.В.;31.05.2014;09.25.;7410N/07300E;Тюлень;1;0.1 мили;лед;с правого борта;Не было необходимости
82;тх ПОМОРЬЕ;3 ПКМ Власюк И.А.;30.05.2014;21.15;7720N/65451E;Белый медведь;1;рядом с бортом судна ;лед;;Нет, не было необходимости, судно стоит во льдах
83;тх ПОМОРЬЕ;2 ПКМ Голованов С.А.;30.05.2014;05.00.;77121N/66591E;Белый медведь;1;100м;;;Нет, не было необходимости, судно лежало в дрейфе
84;тх ПОМОРЬЕ;3 ПКМ Власюк И.А.;31.05.2014;11.35.;77206N/66066E;Белый медведь;1;50м;;;Нет, не было необходимости, судно лежало в дрейфе
85;АЛ Таймыр;Киселев С.В.;01.06.2014;08.55.;7121N/07215E;Нерпа;53;0.1 мили;лед припай;с левого борта;Не было необходимости
86;тх ПОМОРЬЕ;2 ПКМ Голованов С.А.;01.06.2014;15.00.;Ш=77 20,0 сев  Д=067 01,3 вост ;Белый медведь;2;100м;;;Нет, не было необходимости, судно лежит в дрейфе
87;АЛ Таймыр;Коберник Роман Вительевич;05.06.2014;16.20.;7723N/06907E;Белый медведь;1;0.1 мили;лед;с левого борта;Не было необходимости
88;тх ПОМОРЬЕ;3 ПКМ Власюк И.А.;06.06.2014;09.10 мск;7702N/6552E;Белый медведь  (медведица и 2 медвежонка);3;2-3 км;;;Нет, не было необходимости, судно лежит в дрейфе
89;тх ПОМОРЬЕ;3 ПКМ Власюк И.А.;06.06.2014;09.10 мск;7702N/6552E;Белый медведь ;1;0,5-1 км;;;Нет, не было необходимости, судно лежит в дрейфе
90;АЛ Таймыр;КИСЕЛЕВ СЕРГЕЙ ВЛАДИМИРОВИЧ;07.06.2014;11.30.;7153N/07254E;Нерпа;28;0.2 мили;лед;с левого борта;Не было необходимости 
91;АЛ Таймыр;КОБЕРНИК РОМАН ВИТАЛЬЕВИЧ;07.06.2014;16.50.;7129N/07219E;Нерпа;9;0.3 мили;лед припай;с левого борта;Не было необходимости
92;тх ПОМОРЬЕ;2 ПКМ Голованов С.А.;07.06.2014;14.30 мск;77045N/65411E;Белый медведь (медведица и медвежонок);2;100м;;;Нет, не было необходимости, судно лежит в дрейфе
93;тх ПОМОРЬЕ;3 ПКМ Власюк И.А.;07.06.2014;23.15 мск;7705N/6539E;Белый медведь (медведица и медвежонок);5;100-200м;лед, вода;;Нет, не было необходимости, судно лежит в дрейфе
94;АЛ Таймыр;ВАСИЛЬЕВ РУСЛАН ЕВГЕНЬЕВИЧ;12.06.2014;23.00.;7705N/06449E;МОРЖ;1;0.2 мили;лед;с правого борта;Не было необходимости
95;50 ЛЕТ ПОБЕДЫ ;КМ ДАВЫДЯНЦ;28.06.2014;11.50 МСК;8020,2 N/ 5244,9 E;МЕДВЕДЬ БЕЛЫЙ, САМКА;1;100м;;;Не было необходимости
96;АЛ Таймыр;Волков Павел Александрович;02.07.2014;05.00.;7526N/07053E;нерпа;1;100м;лед;с левого борта;Не было необходимости
97;АЛ Таймыр;Ламов Алексей Николаевич;02.07.2014;09.20.;7610N/07123E;Белый медведь;1;100м;вода;с левого борта;Не было необходимости
98;50 ЛЕТ ПОБЕДЫ ;ЮШКЕВИЧ С.П.;03.07.2014;15.10 МСК;7955,2N/ 5007,3E;МОРЖИ;7;100м;;;Не было необходимости
99;50 ЛЕТ ПОБЕДЫ;ЮШКЕВИЧ С.П.;07.07.2014;00.35 МСК;8901,4N/ 4905,7E;ТЮЛЕНИ;2;400м;;;Не было необходимости
100;50 ЛЕТ ПОБЕДЫ;ЮШКЕВИЧ С.П.;08.07.2014;13.20 МСК;8255,7N/ 5253,8E;МЕДВЕДЬ БЕЛЫЙ;1;150м;;;Не было необходимости
101;АЛ Таймыр;Ламов Алексей Николаевич;09.07.2014;08.20.;7542N/7100E;Белый медведь;1;;лед;с левого борта;Нет, не было необходимости, судно лежит в дрейфе
102;АЛ Таймыр;Волков Павел Александрович;11.07.2014;17.50;7358N/07236E;нерпа;6;1 кбт;вода;с левого борта;Не было необходимости
103;АЛ Таймыр;Новиков Дмитрий Анатольевич;13.07.2014;23.10.;7345N/07205E;нерпа;1;150м;лед;с правого борта;Не было необходимости
104;50 ЛЕТ ПОБЕДЫ ;ЮШКЕВИЧ С.П.;02.08.2014;12.10 МСК;8051N/5222E;МЕДВЕДЬ БЕЛЫЙ, самец старый;1;100м;;;Не было необходимости
105;50 ЛЕТ ПОБЕДЫ ;ЮШКЕВИЧ С.П.;02.08.2014;13.15 МСК;8043,4 N/ 5334,7E;МЕДВЕДЬ БЕЛЫЙ, САМЕЦ  ХРОМАЕТ НА ПРАВУЮ ЗАДНЮЮ ЛАПУ.;1;100м;;;изменили курс
106;50 ЛЕТ ПОБЕДЫ ;ЮШКЕВИЧ С.П.;02.08.2014;13.30 МСК;8043,7 N/5340,9 E;МЕДВЕДЬ БЕЛЫЙ, САМКА.;1;200м;;;Не было необходимости
107;50 ЛЕТ ПОБЕДЫ;ЮШКЕВИЧ С.П.;08.08.2014;01.50 МСК;7737,0N/4503,5E;ТЮЛЕНИ ГРЕНЛАНДСКИЕ НА ЛЬДИНЕ ;376 ШТ., ИЗ НИХ - 122 МОЛОДНЯК;2.5 КБТ;лед;;Не было необходимости
108;АЛ ТАЙМЫР;КЕЛАРЕВ К.А.;11.02.2015;23.00 МСК;7155.0N/07310.7E;БЕЛЫЙ МЕДВЕДЬ;3;200 М;;;НЕ БЫЛО НЕОБХОДИМОСТИ 
109;АЛ ТАЙМЫР;КАЙГОРОДОВ Г. Б.;15.02.2015;21.30 МСК;7139.0N/07251.6E;БЕЛЫЙ МЕДВЕДЬ ;1;150 М;;;НЕ БЫЛО НЕОБХОДИМОСТИ
110;АЛ ТАЙМЫР;СИМОНОВ К. Н.;17.02.2015;13.20 МСК;7152.2N/07307.9E;БЕЛЫЙ МЕДВЕДЬ ;2;200 М;;;НЕ БЫЛО НЕОБХОДИМОСТИ
111;АЛ ТАЙМЫР;БЕКТАШ Р. Н.;24.02.2015;06.10 МСК;7318.4N/07234.5E;БЕЛЫЙ МЕДВЕДЬ ;3;150 м;;;НЕ БЫЛО НЕОБХОДИМОСТИ
112;50 лет Победы;Жоров А.В.;02.03.2015;06.30 мск ;7400,3N/7258Е;БЕЛЫЙ МЕДВЕДЬ ;5;5 кбт;;;НЕ БЫЛО НЕОБХОДИМОСТИ
113;АЛ ТАЙМЫР;Песин В. С.;02.03.2015;05.25 МСК;7155,0N / 7210,0E;БЕЛЫЙ МЕДВЕДЬ ;1;150 м;;;НЕ БЫЛО НЕОБХОДИМОСТИ
114;АЛ ТАЙМЫР;КЕЛАРЕВ К.А.;16.03.2015;08.44 МСК;7310,7N/7302,8E;БЕЛЫЙ МЕДВЕДЬ ;3;5 кбт;;;НЕ БЫЛО НЕОБХОДИМОСТИ
115;АЛ ТАЙМЫР;ПУСТОВОЙ Е. В.;25.03.2015;11:35 МСК;7215,3 N/07321,6 E;НЕРПА;1;1 кбт;;;НЕ БЫЛО НЕОБХОДИМОСТИ
116;АЛ ТАЙМЫР;Чистов А. Б.;26.03.2015;20.00 МСК;7150 N / 07305 E;Белый медведь ;1;50 м;;;НЕ БЫЛО НЕОБХОДИМОСТИ
117;АЛ ТАЙМЫР;ЛИНОВИЦКИЙ АНДРЕЙ НИКОЛАЕВИЧ;04.04.2015;13:39;7242,3 N/07307,1 E;НЕРПА;1;50м;;;НЕ БЫЛО НЕОБХОДИМОСТИ ПРИНЯТИЯ МЕР ПО ЗАЩИТЕ
118;АЛ ТАЙМЫР;АЛЫПОВ АЛЕКСАНДР ЛЕОНИДОВИЧ;04.04.2015;;7257 N/07253 E;БЕЛЫЙ МЕДВЕДЬ ;1;1 КБТ ;;; НЕ БЫЛО НЕОБХОДИМОСТИ ПРИНЯТИЯ МЕР ПО ЗАЩИТЕ
119;АЛ ТАЙМЫР;ВОЛКОВ ПАВЕЛ АЛЕКСАНДРОВИЧ;09.04.2015;12:07;7256,8 N/07232,3 E;НЕРПА кольчатая;2;1 КБТ  ;;; НЕ БЫЛО НЕОБХОДИМОСТИ ПРИНЯТИЯ МЕР ПО ЗАЩИТЕ
120;АЛ ТАЙМЫР;ВОЛКОВ ПАВЕЛ АЛЕКСАНДРОВИЧ;13.04.2015;12:17;7205,0 N/07329,0 E;НЕРПА КОЛЬЧАТАЯ ;1;1 КБТ;;; НЕ БЫЛО НЕОБХОДИМОСТИ ПРИНЯТИЯ МЕР ПО ЗАЩИТЕ
121;АЛ ТАЙМЫР;ВОЛКОВ ПАВЕЛ АЛЕКСАНДРОВИЧ;13.04.2015;12:17;7302,8 N/07227,5 E;НЕРПА КОЛЬЧАТАЯ ;3;1 КБТ;;; НЕ БЫЛО НЕОБХОДИМОСТИ ПРИНЯТИЯ МЕР ПО ЗАЩИТЕ
122;АЛ ТАЙМЫР;ЛИНОВИЦКИЙ АНДРЕЙ НИКОЛАЕВИЧ;13.04.2015;12:19;7251,2 N/07248,4 E;НЕРПА КОЛЬЧАТАЯ ;7;1 ,5 КБТ;;; НЕ БЫЛО НЕОБХОДИМОСТИ ПРИНЯТИЯ МЕР ПО ЗАЩИТЕ
123;АЛ ТАЙМЫР;ПУСТОВОЙ ЕВГЕНИЙ ВАЛЕНТИНОВИЧ;14.04.2015;12:31;7144,8 N/07258,6 E;НЕРПА КОЛЬЧАТАЯ ;1;1 КБТ;;; НЕ БЫЛО НЕОБХОДИМОСТИ ПРИНЯТИЯ МЕР ПО ЗАЩИТЕ
124;АЛ ТАЙМЫР;ПУСТОВОЙ ЕВГЕНИЙ ВАЛЕНТИНОВИЧ;19.04.2015;8:40;7308,4 N/07326,9 E;НЕРПА КОЛЬЧАТАЯ ;2;1 КБТ ;;; НЕ БЫЛО НЕОБХОДИМОСТИ ПРИНЯТИЯ МЕР ПО ЗАЩИТЕ
125;АЛ ТАЙМЫР;ВОЛКОВ ПАВЕЛ АЛЕКСАНДРОВИЧ;19.04.2015;8:41;7303,7 N/07329,2 E;НЕРПА КОЛЬЧАТАЯ ;2;1 КБТ ;;; НЕ БЫЛО НЕОБХОДИМОСТИ ПРИНЯТИЯ МЕР ПО ЗАЩИТЕ
126;АЛ ТАЙМЫР;ЛИНОВИЦКИЙ АНДРЕЙ НИКОЛАЕВИЧ;19.04.2015;14:13;7417,5 N/07331,8 E;МОРЖ;1;1 КБТ ;;; НЕ БЫЛО НЕОБХОДИМОСТИ ПРИНЯТИЯ МЕР ПО ЗАЩИТЕ
127;АЛ ТАЙМЫР;ЛИНОВИЦКИЙ АНДРЕЙ НИКОЛАЕВИЧ;20.04.2015;12:13;7543,8 N/07108,7 E;БЕЛЫЙ МЕДВЕДЬ ;1;0,5 КБТ ;;; НЕ БЫЛО НЕОБХОДИМОСТИ ПРИНЯТИЯ МЕР ПО ЗАЩИТЕ
128;АЛ ТАЙМЫР;АЛЫПОВ АЛЕКСАНДР ЛЕОНИДОВИЧ;21.04.2015;12:17;7228,4 N/07359,2 E;НЕРПА;1;1 КБТ ;;; НЕ БЫЛО НЕОБХОДИМОСТИ ПРИНЯТИЯ МЕР ПО ЗАЩИТЕ
129;АЛ ТАЙМЫР;АЛЫПОВ АЛЕКСАНДР ЛЕОНИДОВИЧ;21.04.2015;14:02;7224,5 N/07348,3 E;НЕРПА;2;1,5 КБТ ;;; НЕ БЫЛО НЕОБХОДИМОСТИ ПРИНЯТИЯ МЕР ПО ЗАЩИТЕ
130;АЛ ТАЙМЫР;ЛИНОВИЦКИЙ АНДРЕЙ НИКОЛАЕВИЧ;21.04.2015;14:00;7221,4 N/07340,5 E;НЕРПА;1;1 КБТ ;;; НЕ БЫЛО НЕОБХОДИМОСТИ ПРИНЯТИЯ МЕР ПО ЗАЩИТЕ
131;АЛ ТАЙМЫР;ЛИНОВИЦКИЙ АНДРЕЙ НИКОЛАЕВИЧ;21.04.2015;14:01;7212,7 N/07317,9 E;НЕРПА;3;1,5 КБТ ;;; НЕ БЫЛО НЕОБХОДИМОСТИ ПРИНЯТИЯ МЕР ПО ЗАЩИТЕ
132;АЛ ТАЙМЫР;ЛИНОВИЦКИЙ АНДРЕЙ НИКОЛАЕВИЧ;21.04.2015;16:28;7207,4 N/07311,9 E;НЕРПА;10;ОТ 1 ДО 2 КБТ ;;; НЕ БЫЛО НЕОБХОДИМОСТИ ПРИНЯТИЯ МЕР ПО ЗАЩИТЕ
133;АЛ ТАЙМЫР;ПУСТОВОЙ ЕВГЕНИЙ ВАЛЕНТИНОВИЧ;22.04.2015;12:33;7144,7 N/07258,6 E;НЕРПА;1;1 КБТ ;;; НЕ БЫЛО НЕОБХОДИМОСТИ ПРИНЯТИЯ МЕР ПО ЗАЩИТЕ
134;АЛ ТАЙМЫР;ПУСТОВОЙ ЕВГЕНИЙ ВАЛЕНТИНОВИЧ;22.04.2015;12:34;7159,4 N/07312,2 E;НЕРПА;6;1 КБТ ;;; НЕ БЫЛО НЕОБХОДИМОСТИ ПРИНЯТИЯ МЕР ПО ЗАЩИТЕ
135;АЛ ТАЙМЫР;ЛИНОВИЦКИЙ АНДРЕЙ НИКОЛАЕВИЧ;22.04.2015;12:34;7204,6 N/07312,7 E;НЕРПА КОЛЬЧАТАЯ ;3;1 КБТ ;;; НЕ БЫЛО НЕОБХОДИМОСТИ ПРИНЯТИЯ МЕР ПО ЗАЩИТЕ
136;АЛ ТАЙМЫР;ПУСТОВОЙ ЕВГЕНИЙ ВАЛЕНТИНОВИЧ;03.05.2015;11:32;7043,6 N/07331,0 E;НЕРПА;1;50м;;; НЕ БЫЛО НЕОБХОДИМОСТИ ПРИНЯТИЯ МЕР ПО ЗАЩИТЕ
137;АЛ ТАЙМЫР;ЛИНОВИЦКИЙ АНДРЕЙ НИКОЛАЕВИЧ;04.05.2015;14:56;6843,5 N/07344,4 E;НЕРПА КОЛЬЧАТАЯ ;1;1 КБТ ;;; НЕ БЫЛО НЕОБХОДИМОСТИ ПРИНЯТИЯ МЕР ПО ЗАЩИТЕ
138;АЛ ТАЙМЫР;ПУСТОВОЙ ЕВГЕНИЙ ВАЛЕНТИНОВИЧ;25.04.2015;14:34;7258,3 N/07333,6 E;НЕРПА КОЛЬЧАТАЯ ;1;1 КБТ ;;; НЕ БЫЛО НЕОБХОДИМОСТИ ПРИНЯТИЯ МЕР ПО ЗАЩИТЕ
139;АЛ ТАЙМЫР;ПУСТОВОЙ ЕВГЕНИЙ ВАЛЕНТИНОВИЧ;25.04.2015;14:35;7318,3 N/07255,6 E;НЕРПА КОЛЬЧАТАЯ ;2;1 КБТ ;;; НЕ БЫЛО НЕОБХОДИМОСТИ ПРИНЯТИЯ МЕР ПО ЗАЩИТЕ
140;АЛ ТАЙМЫР;ЛИНОВИЦКИЙ АНДРЕЙ НИКОЛАЕВИЧ;25.04.2015;17:00;7257,7 N/07336,3 E;НЕРПА КОЛЬЧАТАЯ ;1;1 КБТ ;;; НЕ БЫЛО НЕОБХОДИМОСТИ ПРИНЯТИЯ МЕР ПО ЗАЩИТЕ
141;АЛ ТАЙМЫР;ПУСТОВОЙ ЕВГЕНИЙ ВАЛЕНТИНОВИЧ;25.04.2015;12:11;7150,5 N/07306,0 E;БЕЛЫЙ МЕДВЕДЬ ;3;50м;;;СНИЗИЛИ СКОРОСТЬ ДО МАЛОГО ХОДА ОЖИДАЛИ КОГДА МЕДВЕДИ ПОКИНУТ КАНАЛ
142;АЛ ТАЙМЫР;ПУСТОВОЙ ЕВГЕНИЙ ВАЛЕНТИНОВИЧ;29.04.2015;12:25;7227,6 N/07403,5 E;НЕРПА;1;5 КБТ;;; НЕ БЫЛО НЕОБХОДИМОСТИ ПРИНЯТИЯ МЕР ПО ЗАЩИТЕ
143;АЛ ТАЙМЫР;ПУСТОВОЙ ЕВГЕНИЙ ВАЛЕНТИНОВИЧ;29.04.2015;12:26;7231,7 N/07412,2 E;НЕРПА;2;5 КБТ;;; НЕ БЫЛО НЕОБХОДИМОСТИ ПРИНЯТИЯ МЕР ПО ЗАЩИТЕ
144;АЛ ТАЙМЫР;ПУСТОВОЙ ЕВГЕНИЙ ВАЛЕНТИНОВИЧ;29.04.2015;12:27;7236,3 N/07412,3 E;НЕРПА ;15;5 КБТ;;; НЕ БЫЛО НЕОБХОДИМОСТИ ПРИНЯТИЯ МЕР ПО ЗАЩИТЕ
145;АЛ ТАЙМЫР;ПУСТОВОЙ ЕВГЕНИЙ ВАЛЕНТИНОВИЧ;29.04.2015;12:28;7237,4 N/07410,6  E;ЗАЯЦ;1;2 КБТ ;;; НЕ БЫЛО НЕОБХОДИМОСТИ ПРИНЯТИЯ МЕР ПО ЗАЩИТЕ
146;АЛ ТАЙМЫР;ЛИНОВИЦКИЙ АНДРЕЙ НИКОЛАЕВИЧ;29.04.2015;16:23;7241,8 N/07402,5 E;НЕРПА КОЛЬЧАТАЯ ;8;1,5 КБТ;;; НЕ БЫЛО НЕОБХОДИМОСТИ ПРИНЯТИЯ МЕР ПО ЗАЩИТЕ
147;АЛ ТАЙМЫР;ЛИНОВИЦКИЙ АНДРЕЙ НИКОЛАЕВИЧ;29.04.2015;16:23;7245,1 N/07355,9 E;НЕРПА КОЛЬЧАТАЯ ;2;1КБТ;;; НЕ БЫЛО НЕОБХОДИМОСТИ ПРИНЯТИЯ МЕР ПО ЗАЩИТЕ
148;АЛ ТАЙМЫР;ЛИНОВИЦКИЙ АНДРЕЙ НИКОЛАЕВИЧ;29.04.2015;16:23;7250,5 N/07348,8 E;НЕРПА КОЛЬЧАТАЯ ;6; 1,5 КБТ;;; НЕ БЫЛО НЕОБХОДИМОСТИ ПРИНЯТИЯ МЕР ПО ЗАЩИТЕ
149;АЛ ТАЙМЫР;ЛИНОВИЦКИЙ АНДРЕЙ НИКОЛАЕВИЧ;29.04.2015;16:23;7252,3 N/07343,3 E;НЕРПА КОЛЬЧАТАЯ ;9;2 КБТ;;; НЕ БЫЛО НЕОБХОДИМОСТИ ПРИНЯТИЯ МЕР ПО ЗАЩИТЕ
150;АЛ ТАЙМЫР;ЛИНОВИЦКИЙ АНДРЕЙ НИКОЛАЕВИЧ;29.04.2015;16:23;7259,1 N/07333,0 E;НЕРПА КОЛЬЧАТАЯ ;1;1 КБТ;;; НЕ БЫЛО НЕОБХОДИМОСТИ ПРИНЯТИЯ МЕР ПО ЗАЩИТЕ
151;АЛ ТАЙМЫР;ПУСТОВОЙ ЕВГЕНИЙ ВАЛЕНТИНОВИЧ;30.04.2015;11:26;72 56,1 N/073 12,0 E;НЕРПА;3;2 КБТ ;;; НЕ БЫЛО НЕОБХОДИМОСТИ ПРИНЯТИЯ МЕР ПО ЗАЩИТЕ
152;АЛ ТАЙМЫР;ПУСТОВОЙ ЕВГЕНИЙ ВАЛЕНТИНОВИЧ;30.04.2015;11:26;72 56,1 N/073 12,0E;БЕЛЫЙ МЕДВЕДЬ ;3;5 КБТ ;;; НЕ БЫЛО НЕОБХОДИМОСТИ ПРИНЯТИЯ МЕР ПО ЗАЩИТЕ
153;АЛ ТАЙМЫР;ЛИНОВИЦКИЙ АНДРЕЙ НИКОЛАЕВИЧ;01.05.2015;13:49;7603,5 N/07062,6 E;БЕЛЫЙ МЕДВЕДЬ ;1;0,5 КБТ ;;; НЕ БЫЛО НЕОБХОДИМОСТИ ПРИНЯТИЯ МЕР ПО ЗАЩИТЕ
154;АЛ ТАЙМЫР;БЕКТАШ РОМАН НИКОЛАЕВИЧ;02.05.2015;7:00;7540,5 N/07109,4 E;БЕЛЫЙ МЕДВЕДЬ ;1;2 КБТ ;;; НЕ БЫЛО НЕОБХОДИМОСТИ ПРИНЯТИЯ МЕР ПО ЗАЩИТЕ
155;АЛ ТАЙМЫР;АЛЫПОВ АЛЕКСАНДР ЛЕОНИДОВИЧ;05.05.2015;12:10;6950,7 N/07258,8 E;НЕРПА КОЛЬЧАТАЯ ;1;20м;;; НЕ БЫЛО НЕОБХОДИМОСТИ ПРИНЯТИЯ МЕР ПО ЗАЩИТЕ
156;АЛ ТАЙМЫР;ЛИНОВИЦКИЙ АНДРЕЙ НИКОЛАЕВИЧ;05.05.2015;16:15;7044,1N/07332,2 E;НЕРПА КОЛЬЧАТАЯ ;1;0,5 КБТ ;;; НЕ БЫЛО НЕОБХОДИМОСТИ ПРИНЯТИЯ МЕР ПО ЗАЩИТЕ
157;АЛ ТАЙМЫР;ЛИНОВИЦКИЙ АНДРЕЙ НИКОЛАЕВИЧ;06.05.2015;8:03;7202,2 N/07310,2 E;НЕРПА КОЛЬЧАТАЯ ;1;0,5 КБТ ;;; НЕ БЫЛО НЕОБХОДИМОСТИ ПРИНЯТИЯ МЕР ПО ЗАЩИТЕ
158;АЛ ТАЙМЫР;ЛИНОВИЦКИЙ АНДРЕЙ НИКОЛАЕВИЧ;06.05.2015;16:09;7149,2 N/07304,4 E;НЕРПА КОЛЬЧАТАЯ ;1;0,5 КБТ ;;; НЕ БЫЛО НЕОБХОДИМОСТИ ПРИНЯТИЯ МЕР ПО ЗАЩИТЕ
159;АЛ ТАЙМЫР;ЛИНОВИЦКИЙ АНДРЕЙ НИКОЛАЕВИЧ;06.05.2015;16:09;7147,9 N/07302,8E;НЕРПА КОЛЬЧАТАЯ ;5;1-1,5КБТ ;;; НЕ БЫЛО НЕОБХОДИМОСТИ ПРИНЯТИЯ МЕР ПО ЗАЩИТЕ
160;АЛ ТАЙМЫР;ЛИНОВИЦКИЙ АНДРЕЙ НИКОЛАЕВИЧ;14.05.2015;14:12;7144,1 N/07257,6 E;НЕРПА КОЛЬЧАТАЯ ;1;0,5 КБТ ;;; НЕ БЫЛО НЕОБХОДИМОСТИ ПРИНЯТИЯ МЕР ПО ЗАЩИТЕ
161;АЛ ТАЙМЫР;ЛИНОВИЦКИЙ АНДРЕЙ НИКОЛАЕВИЧ;14.05.2015;14:24;7135,9 N/07257,8 E;НЕРПА КОЛЬЧАТАЯ ;3;0,5КБТ;;; НЕ БЫЛО НЕОБХОДИМОСТИ ПРИНЯТИЯ МЕР ПО ЗАЩИТЕ
162;АЛ ТАЙМЫР;ЛИНОВИЦКИЙ АНДРЕЙ НИКОЛАЕВИЧ;14.05.2015;15:33;7131,9 N/07244,3 E;НЕРПА КОЛЬЧАТАЯ ;5;ОТ 0,5 ДО 2 КБТ ;;; НЕ БЫЛО НЕОБХОДИМОСТИ ПРИНЯТИЯ МЕР ПО ЗАЩИТЕ
163;АЛ ТАЙМЫР;ЛИНОВИЦКИЙ АНДРЕЙ НИКОЛАЕВИЧ;14.05.2015;15:34;7128,7 N/07236,3 E;НЕРПА КОЛЬЧАТАЯ ;6;1 КБТ ;;; НЕ БЫЛО НЕОБХОДИМОСТИ ПРИНЯТИЯ МЕР ПО ЗАЩИТЕ
164;АЛ ТАЙМЫР;ЛИНОВИЦКИЙ АНДРЕЙ НИКОЛАЕВИЧ;14.05.2015;16:15;7126,5 N/07231,3 E;НЕРПА КОЛЬЧАТАЯ ;40;ОТ 1 ДО 3 КБТ ;;; НЕ БЫЛО НЕОБХОДИМОСТИ ПРИНЯТИЯ МЕР ПО ЗАЩИТЕ
165;АЛ ТАЙМЫР;ЛИНОВИЦКИЙ АНДРЕЙ НИКОЛАЕВИЧ;15.05.2015;16:07;6923,4 N/07338,3E;НЕРПА КОЛЬЧАТАЯ ;2;0,5 КБТ;;; НЕ БЫЛО НЕОБХОДИМОСТИ ПРИНЯТИЯ МЕР ПО ЗАЩИТЕ
166;АЛ ТАЙМЫР;ЛИНОВИЦКИЙ АНДРЕЙ НИКОЛАЕВИЧ;15.05.2015;16:07;6911,3N/07334,7 E;НЕРПА КОЛЬЧАТАЯ ;2;1 КБТ ;;; НЕ БЫЛО НЕОБХОДИМОСТИ ПРИНЯТИЯ МЕР ПО ЗАЩИТЕ
167;АЛ ТАЙМЫР;АЛЫПОВ АЛЕКСАНДР ЛЕОНИДОВИЧ;17.05.2015;13:07;7152,4 N/07307,3 E;НЕРПА КОЛЬЧАТАЯ ;50;2 КБТ ;;; НЕ БЫЛО НЕОБХОДИМОСТИ ПРИНЯТИЯ МЕР ПО ЗАЩИТЕ
168;АЛ ТАЙМЫР;ЛИНОВИЦКИЙ АНДРЕЙ НИКОЛАЕВИЧ;17.05.2015;16:08;7126,8 N/07231,3 E;НЕРПА КОЛЬЧАТАЯ ;10;1 КБТ ;;; НЕ БЫЛО НЕОБХОДИМОСТИ ПРИНЯТИЯ МЕР ПО ЗАЩИТЕ
169;АЛ ТАЙМЫР;ЛИНОВИЦКИЙ АНДРЕЙ НИКОЛАЕВИЧ;25.05.2015;12:18;7246,6 N/07310,4 E;НЕРПА КОЛЬЧАТАЯ ;3;1 КБТ ;;; НЕ БЫЛО НЕОБХОДИМОСТИ ПРИНЯТИЯ МЕР ПО ЗАЩИТЕ
170;Congo River;Дегтярёв Роман Олегович;14.08.2015;12:01:44;72. 25 38 N  73. 50 97 E;Белуха;1;700;вода;правый борт; НЕ БЫЛО НЕОБХОДИМОСТИ ПРИНЯТИЯ МЕР ПО ЗАЩИТЕ
171;АЛ ВАЙГАЧ;БОРОДИН А.Н.;07.02.2016;11:35 МСК;72 29,7 N / 073 55,8 E;БЕЛЫЙ МЕДВЕДЬ   ;3;300 МЕТРОВ Л/БОРТА;;;ЗАМЕДЛЕНИЕ ХОДА,ИЗМЕНЕНИЕ КУРСА
172;АЛ ВАЙГАЧ;ЛЯЩЕНКО А.С.;12.02.2016;13:52 МСК;71 09,0 N / 073 03,3 E;ТЮЛЕНЬ;15;250 МЕТРОВ;;ПР/БОРТА;ЗАМЕДЛЕНИЕ ХОДА,ИЗМЕНЕНИЕ КУРСА
173;АЛ ВАЙГАЧ;ЛЯЩЕНКО А.С.;20.01.2016;12:18 МСК;72 17,0 N / 073 29,3 E;БЕЛЫЙ МЕДВЕДЬ;1;251 МЕТРОВ;;; НЕ БЫЛО НЕОБХОДИМОСТИ ПРИНЯТИЯ МЕР ПО ЗАЩИТЕ
174;АЛ ВАЙГАЧ;ЛЯЩЕНКО А.С.;18.02.2016;14:00 МСК;72 15,9 N / 073 17,8 E;БЕЛЫЙ МЕДВЕДЬ;3;300 МЕТРОВ ;;ПР/БОРТА;ИЗМЕНЕНИЕ КУРСА - ПРОШЛИ В СТОРОНЕ
175;АЛ ВАЙГАЧ;БОРОДИН А.Н.;29.01.2016;09:20 МСК;72 42,8 N / 073 00,5 E;ТЮЛЕНЬ;25;500 МЕТРОВ ;;ПО Л/БОРТУ;ЗАМЕДЛЕНИЕ ХОДА
176;АЛ ВАЙГАЧ;БОРОДИН А.Н.;29.01.2016;09:20 МСК;72 42,8 N / 073 00,5 E;ТЮЛЕНЬ;25;500 МЕТРОВ ;;ПО Л/БОРТУ;ЗАМЕДЛЕНИЕ ХОДА
177;АЛ ВАЙГАЧ;БОРОДИН А.Н.;30.01.2016;10:45 МСК;73 48,4 N / 072 31,3 E;БЕЛЫЙ МЕДВЕДЬ   ;1;300 МЕТРОВ ;;ПР/БОРТА;ЗАМЕДЛЕНИЕ ХОДА,ИЗМЕНЕНИЕ КУРСА
178;АЛ ВАЙГАЧ;БОРОДИН А.Н.;30.01.2016;11:50 МСК;73 35,5 N / 072 27,3 E;БЕЛЫЙ МЕДВЕДЬ   ;3;300 МЕТРОВ ;;Л/БОРТА;ЗАМЕДЛЕНИЕ ХОДА,ИЗМЕНЕНИЕ КУРСА
179;АЛ ВАЙГАЧ;ЛЯЩЕНКО А.С.;27.02.2016;12:42 МСК;71 06,9 N / 073 12,1 E;БЕЛЫЙ МЕДВЕДЬ   ;4;200 МЕТРОВ ;;ПР/БОРТА;ЗАМЕДЛЕНИЕ ХОДА
180;ледокол «ТОР»;Михайлов Виктор Викторович;04.02.2016;13.00 МСК;7116,87 N/7206,91E;тюлень;1;500 м;;; НЕ БЫЛО НЕОБХОДИМОСТИ ПРИНЯТИЯ МЕР ПО ЗАЩИТЕ
181;ледокол «ТОР»;Раун Сергей Борисович;29.02.2016;23.45 МСК;7116,87 N/7204,72E;Медведь белый;2;400 м;;; НЕ БЫЛО НЕОБХОДИМОСТИ ПРИНЯТИЯ МЕР ПО ЗАЩИТЕ
182;ледокол «ТОР»;Жестков Илья Валерьевич ;27.05.2016;01.00 МСК;7116,68 N/ 7205,46E;Белуха;10-15;200 м;;; НЕ БЫЛО НЕОБХОДИМОСТИ ПРИНЯТИЯ МЕР ПО ЗАЩИТЕ
183;АЛ ТАЙМЫР;СУРЯДОВ В.А.;04.06.2016;05.45;6915 N/07315 E;КОЛЬЧАТАЯ НЕРПА ;4;300 МЕТРОВ;;С ПРАВОГО БОРТА; НЕ БЫЛО НЕОБХОДИМОСТИ ПРИНЯТИЯ МЕР ПО ЗАЩИТЕ
184;АЛ ТАЙМЫР;КИСЕЛЕВ С.В.;04.06.2016;09.00;6936 N/07319 E;КОЛЬЧАТАЯ НЕРПА ;8;300 МЕТРОВ ;;С ЛЕВОГО БОРТА ; НЕ БЫЛО НЕОБХОДИМОСТИ ПРИНЯТИЯ МЕР ПО ЗАЩИТЕ
185;АЛ ТАЙМЫР;СУРЯДОВ В.А.;04.06.2016;18.10;7057 N/07335 E;КОЛЬЧАТАЯ НЕРПА ;7;300 МЕТРОВ ;;С ПРАВОГО  БОРТА ; НЕ БЫЛО НЕОБХОДИМОСТИ ПРИНЯТИЯ МЕР ПО ЗАЩИТЕ
186;АЛ ТАЙМЫР;КОПТЯЕВ А.А.;01.06.2016;20.15;7426 N/07319E;БЕЛЫЙ МЕДВЕДЬ ;1;200 МЕТРОВ ;;; НЕ БЫЛО НЕОБХОДИМОСТИ ПРИНЯТИЯ МЕР ПО ЗАЩИТЕ
187;АЛ ТАЙМЫР;СУРЯДОВ В.А.;01.06.2016;06.05;7313 N/07319 E;НЕРПА КОЛЬЧАТАЯ ;28;600 МЕТРОВ ;;; НЕ БЫЛО НЕОБХОДИМОСТИ ПРИНЯТИЯ МЕР ПО ЗАЩИТЕ
188;АЛ ТАЙМЫР;СУРЯДОВ В.А.;30.05.2016;21.50;7102 N/07327E;БЕЛУХА;8;500 МЕТРОВ ;;ПО НОСУ;СНИЖЕНИЕ СКОРОСТИ
189;АЛ ТАЙМЫР;КИСЕЛЕВ С.В;30.05.2016;09.20;6935 N/07319 E;НЕРПА КОЛЬЧАТАЯ ;25;200 МЕТРОВ ;;С ОБОИХ БОРТОВ ; НЕ БЫЛО НЕОБХОДИМОСТИ ПРИНЯТИЯ МЕР ПО ЗАЩИТЕ
190;АЛ ТАЙМЫР;КИСЕЛЕВ С.В;29.05.2016;10.15;7008 N/07320 E;НЕРПА КОЛЬЧАТАЯ ;17;100-500 МЕТРОВ ;;; НЕ БЫЛО НЕОБХОДИМОСТИ ПРИНЯТИЯ МЕР ПО ЗАЩИТЕ
191;АЛ ТАЙМЫР;Сурядов В.А.;23.05.2016;07.35;7117,8 N/07218,7 E;НЕРПА КОЛЬЧАТАЯ ;2;5 КБТ ;;; НЕ БЫЛО НЕОБХОДИМОСТИ ПРИНЯТИЯ МЕР ПО ЗАЩИТЕ
192;АЛ ТАЙМЫР;КИСЕЛЕВ С.В;03.06.2016;08:05;6922 N/07313 E;НЕРПА КОЛЬЧАТАЯ ;17;200 МЕТРОВ ;;С ЛЕВОГО БОРТА ; НЕ БЫЛО НЕОБХОДИМОСТИ ПРИНЯТИЯ МЕР ПО ЗАЩИТЕ
193;;;;;;;;;;;
194;;;;;;;;;;;
195;;;;;;;;;;;
196;;;;;;;;;;;
197;;;;;;;;;;;
198;;;;;;;;;;;
199;;;;;;;;;;;
200;;;;;;;;;;;
201;;;;;;;;;;;
202;;;;;;;;;;;
203;;;;;;;;;;;
204;;;;;;;;;;;
205;;;;;;;;;;;
206;;;;;;;;;;;
